[
  {
    "title": "エルフ・キャット",
    "cost" : 4,
    "atk"  : 1,
    "def"  : 2,
    "skill":"出た時、墓地の「エルフ」と名前にあるカードを2枚まで選び、1枚を手札に加え、残りの1枚をエレメントに置く。"
  },
  {
    "title": "エルフ・シーフ",
    "cost" : 4,
    "atk"  : 2,
    "def"  : 2,
    "skill":"このモンスターが攻撃する時、相手の手札を1枚、見ないで選び、捨てさせる。その後、カードを1枚引く。"
  },
  {
    "title": "ダークミニドライアド",
    "cost" : 2,
    "atk"  : 1,
    "def"  : 2,
    "skill":"出た時、自分のエレメントを1つライフに置く。"
  },
  {
    "title": "ガードロー",
    "cost" : 5,
    "atk"  : 1,
    "def"  : 3,
    "skill":"出た時、カードを2枚引く。"
  },
  {
    "title": "ギガホウシャ",
    "cost" : 5,
    "atk"  : 2,
    "def"  : 2,
    "skill":"1:出た時、相手のモンスターを1体破壊する。2:Q"
  },
  {
    "title": "うさぎねこ",
    "cost" : 2,
    "atk"  : 4,
    "def"  : 0,
    "skill":""
  },
  {
    "title": "シノビーム",
    "cost" : 3,
    "atk"  : 1,
    "def"  : 0,
    "skill":"1:Q 2:x2 3:このモンスターが攻撃した後、このモンスターを手札に戻す。"
  },
  {
    "title": "エルフルール",
    "cost" : 5,
    "atk"  : 2,
    "def"  : 1,
    "skill":"出た時、エレメントの「エルフ」と名前にあるモンスターを1体選び、出す。"
  },
  {
    "title": "ハイランド",
    "cost" : 2,
    "atk"  : 0,
    "def"  : 0,
    "skill":"出た時、デッキの上から5枚を公開し、それらが全て名前の違うカードなら、その中から好きな枚数手札に加える。そうでなければ、全て墓地に置く。残りはデッキに加えてシャッフルする。"
  },
  {
    "title": "ローランド",
    "cost" : 7,
    "atk"  : 0,
    "def"  : 0,
    "skill":"1:場に名前の同じモンスターが2体以上いるプレイヤーは、自身のモンスター全てに無視可能を与える。2:Q 3:x4"
  },
  {
    "title": "シングルトン",
    "cost" : 1,
    "atk"  : 0,
    "def"  : 0,
    "skill":"1:出た時、ライフの表側を全て公開し、それらが全て名前の違うカードなら、その中から好きな枚数手札に加える。そうでなければ、全て墓地に置く。"
  }
]