[
  {
    "title": "怖・rail",
    "cost" : 4,
    "atk"  : 3,
    "def"  : 1,
    "skill":"1:出た時、墓地からコスト2以下のモンスター1体を出す。 2:Q"
  },
  {
    "title": "railータ",
    "cost" : 1,
    "atk"  : 0,
    "def"  : 2,
    "skill":"1:出た時、自分の手札を1枚捨てる。その後、カードを1枚引く。 2:x0"
  },
  {
    "title": "ト・rail",
    "cost" : 3,
    "atk"  : 0,
    "def"  : 0,
    "skill":"出た時、デッキから「rail」と名前にあるモンスター1体を手札に加える。その後、デッキをシャッフルする。"
  },
  {
    "title": "モノ・rail",
    "cost" : 3,
    "atk"  : 1,
    "def"  : 2,
    "skill":"1:Q 2:出た時、デッキから「rail」と名前にあるモンスター1体を墓地へ送る。その後、デッキをシャッフルする。"
  },
  {
    "title": "ニゲ・rail",
    "cost" : 2,
    "atk"  : 1,
    "def"  : 0,
    "skill":"1:このモンスターは墓地からも召喚できる。 2:Q 3:x0"
  },
  {
    "title": "プレゼントの助",
    "cost" : 4,
    "atk"  : 0,
    "def"  : 2,
    "skill":"1:無視可能 2:出た時、デッキの上から3枚を裏向きのままこのモンスターの下に置く。 3:自分のターンの初めに、このモンスターに含まれるカードを1枚手札に加える。"
  },
  {
    "title": "ダラス",
    "cost" : 4,
    "atk"  : 2,
    "def"  : 1,
    "skill":"出た時、デッキからカードを1枚手札に加える。その後、デッキをシャッフルし、手札を2枚捨てる。"
  },
  {
    "title": "ディザスタードラゴン",
    "cost" : 3,
    "atk"  : 2,
    "def"  : 1,
    "skill":"出た時、デッキの上から2枚を見て、1枚をエレメントに置き、残りの1枚を手札に加える。"
  },
  {
    "title": "ミニドライアド",
    "cost" : 2,
    "atk"  : 2,
    "def"  : 2,
    "skill":"出た時、ライフを1つエレメントに置く。"
  },
  {
    "title": "デーモン",
    "cost" : 4,
    "atk"  : 2,
    "def"  : 0,
    "skill":"出た時、相手の手札を1枚ランダムに捨てさせる。"
  },
  {
    "title": "ギガバウンサー",
    "cost" : 5,
    "atk"  : 2,
    "def"  : 2,
    "skill":"出た時、相手のモンスターを2体選び、それらを手札に戻す。"
  },
  {
    "title": "サルベ",
    "cost" : 2,
    "atk"  : 1,
    "def"  : 1,
    "skill":"出た時、デッキの上から2枚を墓地に置く。その後、墓地からカードを1枚選び、手札に加える。"
  }
]