[
  {
    "title": "エルフ",
    "cost" : 2,
    "atk"  : 1,
    "def"  : 1,
    "skill":"出た時、デッキの上から2枚を公開する。その後、「エルフ」と名前にあるカードを全て手札に加え、残りを墓地へ送る。"
  },
  {
    "title": "エルフ・ガーディアン",
    "cost" : 2,
    "atk"  : 0,
    "def"  : 3,
    "skill":""
  },
  {
    "title": "エルフ・フェアリー",
    "cost" : 3,
    "atk"  : 1,
    "def"  : 2,
    "skill":"出た時、自分の手札を1枚エレメントに置く。その後、エレメントからカードを1枚手札に加えてもよい。"
  },
  {
    "title": "エルフ・シュライン",
    "cost" : 3,
    "atk"  : 0,
    "def"  : 3,
    "skill":"1:無視可能 2:x0 3:自分の「エルフ」と名前にあるモンスターの召喚コストを1少なくする。ただし、コストは0以下にはならない。 4:自分のコスト4以上のエルフ全てにQを与える。"
  },
  {
    "title": "エルフ・ライダー",
    "cost" : 5,
    "atk"  : 3,
    "def"  : 2,
    "skill":"x2"
  },
  {
    "title": "エルフ・クラッシャー",
    "cost" : 6,
    "atk"  : 4,
    "def"  : 0,
    "skill":"1:x2 2:Q"
  },
  {
    "title": "エルフ・ウラー",
    "cost" : 8,
    "atk"  : 3,
    "def"  : 3,
    "skill":"手札からこのカードと「エルフ」と名前にあるカード1枚を見せ、好きな順序でデッキの下に置いてもよい。そうしたら、デッキの上から1枚をライフに置き、カードを2枚引く。"
  },
  {
    "title": "エルフ・パージ",
    "cost" : 9,
    "atk"  : 3,
    "def"  : 0,
    "skill":"1:自分の他の手札1枚につき、このモンスターの召喚コストを1少なくする。ただしコストは0以下にならない。 2:出た時、自分の手札をすべて捨てる。その後、カードを3枚引く。 3:Q"
  },
  {
    "title": "エルフ・ペインター",
    "cost" : 3,
    "atk"  : 1,
    "def"  : 1,
    "skill":"出た時、ライフ3枚を手札に加える。その後、デッキの上から2枚をライフに置く。"
  },
  {
    "title": "エルフ・ポップ",
    "cost" : 1,
    "atk"  : 1,
    "def"  : 0,
    "skill":"1:出た時、手札を1枚捨てる。その後、墓地から「エルフ」と名前にあるカードを1枚、手札に加えてもよい。 2:x0"
  },
  {
    "title": "トラッシャー",
    "cost" : 2,
    "atk"  : 0,
    "def"  : 1,
    "skill":"1:手札からこのカードを捨ててもよい。そうしたら、カードを1枚引く。その後、手札を1枚捨てる。 2:破壊された時、カードを2枚引く。"
  },
  {
    "title": "グレネードドラゴン",
    "cost" : 3,
    "atk"  : 2,
    "def"  : 2,
    "skill":"出た時、このモンスターを破壊してもよい。そうしたら、相手のモンスター1体を破壊する。"
  },
  {
    "title": "バーストストリーム",
    "cost" : 3,
    "atk"  : 2,
    "def"  : 0,
    "skill":"1:出た時、カードを1枚引く。その後、手札を1枚捨てる。 2:Q"
  }
]