[
  {
    "title": "メガシャワー",
    "cost" : 3,
    "atk"  : 2,
    "def"  : 2,
    "skill":"出た時、カードを1枚引く。"
  },
  {
    "title": "メガプラント",
    "cost" : 3,
    "atk"  : 2,
    "def"  : 2,
    "skill":"出た時、デッキの1枚目をエレメントに置く。"
  },
  {
    "title": "メガホウシャ",
    "cost" : 3,
    "atk"  : 2,
    "def"  : 2,
    "skill":"出た時、相手の防御力2以下のモンスター1体を破壊する。"
  },
  {
    "title": "コノハ",
    "cost" : 2,
    "atk"  : 1,
    "def"  : 3,
    "skill":""
  },
  {
    "title": "ミサイラー",
    "cost" : 3,
    "atk"  : 2,
    "def"  : 1,
    "skill":"Q"
  },
  {
    "title": "ニンジャー",
    "cost" : 2,
    "atk"  : 1,
    "def"  : 0,
    "skill":"Q"
  },
  {
    "title": "シズクボム",
    "cost" : 2,
    "atk"  : 3,
    "def"  : 0,
    "skill":"1:攻撃の後、このモンスターを破壊する。2:破壊された時、カードを1枚引く。"
},
  {
    "title": "ドライアド",
    "cost" : 4,
    "atk"  : 1,
    "def"  : 3,
    "skill":"出た時、墓地のカードを1枚エレメントに置く。"
  },
  {
    "title": "ゴースト",
    "cost" : 3,
    "atk"  : 1,
    "def"  : 0,
    "skill":"破壊された時、相手の手札を1枚ランダムに捨てさせる。"
  },
  {
    "title": "ゴーオンロケット",
    "cost" : 6,
    "atk"  : 3,
    "def"  : 1,
    "skill":"1:Q 2:出た時、デッキの上から2枚を見て、その中のコスト3以下のモンスターを好きな数出し、残りを墓地に置く。"
  },
  {
    "title": "ルータ",
    "cost" : 1,
    "atk"  : 0,
    "def"  : 0,
    "skill":"1:出た時、カードを1枚引く。その後、自分の手札を1枚捨てる。 2:x0"
  },
  {
    "title": "マヒラー",
    "cost" : 1,
    "atk"  : 1,
    "def"  : 1,
    "skill":"攻撃力1以下のモンスターは全て攻撃できない。"
  },
  {
    "title": "バウンサー",
    "cost" : 2,
    "atk"  : 1,
    "def"  : 1,
    "skill":"出た時、自分の他のモンスター1体を手札に戻してもよい。そうしたら、相手のモンスター1体を手札に戻す。"
  },
  {
    "title": "ギガシャワー",
    "cost" : 5,
    "atk"  : 2,
    "def"  : 2,
    "skill":"出た時、カードを2枚引く。"
  } ,
  {
    "title": "ミカエル",
    "cost" : 2,
    "atk"  : 1,
    "def"  : 0,
    "skill":"このモンスターは墓地からも召喚できる。"
  }

]